repo,commit,pattern
00inboxtest/terraform-google-vault,1d0b5db7f310dc6a47af3130a97e5373d9cdaddf,Expensive instance
64kramsystem/ultimate_aws_certified_cloud_practitioner_course_terraform_configuration,2f36b8a5f2f818138da72d218c1f3c9666ed54aa,Budget
AJarombek/global-aws-infrastructure,4a89f4b8235961275fa0e6aaf20848f2b8b7e733,Budget
Accurate0/infrastructure,eef88fd3e61cf4b5e04682824e76df5348b60de5,AWS - Expensive DynamoDB
Accurate0/infrastructure,06889e08148d258f329118d43734f8c8dcff994e,Expensive monitoring
Accurate0/infrastructure,bd63efe7cf8fd2d9ae3a1497c342f97a7d22a7f5,Expensive monitoring
AdrianNeatu/blog-terraform,3ba302c69eb2a491a5b23e94084b4ddd24a4a703,Budget
Amberoat/didactic-octo-eureka,494706fc421a0ddda47f7d543b7e7a296c378c26,Expensive instance
Arkoprabho/TerraformTutorial,ba317d7e402f014589e230fad8c7384016211ba2,AWS - Expensive DynamoDB
CheesecakeLabs/django-drf-boilerplate,e4003aa3c51b789e2a2b5828768a7d0f34659209,Expensive network resource
Civil-Service-Human-Resources/lpg-terraform-paas,59477d3dc237e72252bde005b783213b7e8ed961,Expensive instance
EngineerBetter/kf-infra,fa5f7fb35b0b44020fb81dd5c4e3b9ceaca1f967,Expensive instance
Eximchain/terraform-aws-quorum-cluster,6a56f400f7de3f4d5cef646d92e3f848608031c1,Expensive monitoring
ExpediaGroup/apiary-data-lake,47e62f2fc73a96611606cd619c084d1ded9d844d,Object storage lifecycle rules
GBergeret/micro-service-as-code,46f76d50b8569f450ce909e04f3c5fa81b97737a,Expensive network resource
GBergeret/tf-vpc-module,34d80ece7d0ef598414baffceb074c6580dd819b,Old generation
GBergeret/tf-vpc-module,5e63c8390cb1001daf4ad74bb2926cc060c0de08,Expensive network resource
Hapag-Lloyd/terraform-aws-bastion-host-ssm,516075e2987bdd1063f22768d451c1c1eb647175,Spot instances
HarsheshShah08/HS-Terraform,e0d0f044c54ebf491c122664d03e0cfe5d2b0823,Expensive network resource
IncredibleHolg/infra-aws-code,70904707a36ff8e5167e695de3529d8318911ba4,Expensive instance
InvictrixRom/website-infrastructure,09e400452c1bde25fe393dd56c2fd608b84a18ac,Expensive network resource
InvictrixRom/website-infrastructure,44d66328ea4467d05d7fb8092631aff5afbd8b26,Expensive network resource
IoT-Data-Marketplace/mp-infrastructure,5afcf39a85fc972eb9bb3486e5dc8aeeba77d3ee,Expensive network resource
JaredStufftGD/grok-airflow,7ac9544b0c651fd8193eb063079514d0aa41e290,Spot instances
Kalmalyzer/UE-Jenkins-BuildSystem,636097557e403eb1d6b6211b09e30c47e7f39466,Expensive instance
Kalmalyzer/UE-Jenkins-BuildSystem,ee8942b2c5d59546dd3b3be5f2cb88500d0fe1be,Expensive storage type
Katesagay/terraform-repo,9aacfbe12e3e7c1e726b9a3d834211aae01f419c,Budget
KieniL/terraform_setups,37f66bc43f57b1b7a5a897c58cefe09900afd7ef,Expensive instance
KoutaroNohira/hashicat,81dc1d3f98034672d5f62f440f2cc3abc58ce2a2,Expensive instance
Leonard-Ta/Sample-Security-service-Terraform,c16481a84d5823b65ce96bd811a265222385b43b,Expensive instance
Leonard-Ta/Sample-Security-service-Terraform,c16481a84d5823b65ce96bd811a265222385b43b,Expensive storage type
Linaro/qa-reports.linaro.org,76c8d1ee35046912b6da4f1cc23e8b1dcc12abe9,Expensive instance
MartinFeineis/terraform,359ba426393c78b78695797f9bdd6a08c0455720,Budget
MichaelDeCorte/TerraForm,3799ee8b9677d02254eb6d6f50f3732df4c8374e,AWS - Expensive DynamoDB
Midas-Protocol/webtwo-infra,25ed0319bf8099f0cc79eceba9104c73d9507e0d,Expensive network resource
NLnetLabs/rpki-deploy,8bd6e745475f635d6f6b6929a545afa2e1d9dd57,Expensive instance
ONSdigital/eq-terraform,79845fe095cd87287346f40d2adce9b28a32ef35,Old generation
ONSdigital/eq-terraform,6eaf697bf9f111214a6d74ee3094e5784a57d1bb,AWS - Expensive DynamoDB
ONSdigital/eq-terraform-dynamodb,40eb651a50d0dfd5cf047ef62c8a6259c1c66e02,AWS - Expensive DynamoDB
SamTowne/BasketballDrillBot,4ec6d54e4d36ab02b0a7daf042e727717371eaec,Object storage lifecycle rules
StratusGrid/terraform-aws-single-account-starter,c291c0954c89e1bfbdb76d4c8990baf9db986343,Budget
TalkingFox/SignalWs,935d9d683608b4d8a97ef6ccc2c8ab7c14eec0d0,AWS - Expensive DynamoDB
TimonB/tf-azure-example,ce89df3cebc6487146391afe9517661053229f77,Expensive instance
TimonB/tf-azure-example,b49579fbecbe8002932fdfb86146f83efd60bfcf,Expensive storage type
ToruMakabe/aks-anti-dry-iac,4ba7a9dc3085ab701c85737a4f36dd57fcd7596f,Spot instances
UrbanOS-Examples/common,206394bcc75866953f64cbf3bd6214e4e6f96e91,Expensive instance
Xin00163/terraform,f69ce3812180a20bbda69ff1432a1cd36342bc3b,Expensive network resource
aaaaasam/azure,c7bc0ce6f3fcaffcbbe7753f1a9d8437809bc167,Expensive instance
aeternity/terraform-aws-devnet,f4113a8f7e52991dfb75f63688aeba77bac76b01,Expensive instance
akaron/kubeadm_aws,2e2092ec94b27a4c3f0b9f4ee4d46a1983a72518,Overprovisioned resources
akerl/aws-account,91967d4089ad9580ceae62f7845581935c892455,Budget
alghanmi/terraform-modules,f4e8069ff11b7ca7a15ce25843b26d00fb399ade,Budget
alghanmi/terraform-modules,570d3d8440ed399ed8b30bffe1fd7a2adc197771,Expensive monitoring
alhardy-net/terraform-core-aws-alhardynet-networking,30be6aa1969e37d512153b558540fe714b635c4c,Expensive network resource
alhardy-net/terraform-core-aws-alhardynet-networking,f7b96f0b28008f8aed881cc211a5f3fdb3ae67ac,Expensive network resource
alhardy-net/terraform-core-aws-alhardynet-networking,b26b9e5d1b13602a4c192d9697a12df7770906b2,Expensive network resource
alphagov/govuk-aws,f844cd8e254b161bebef04101f8ce177bcd0840c,Object storage lifecycle rules
alphagov/govuk-aws,6cfda6ada5137b232ff442ae9f2aedc8520ee1b4,Old generation
alphagov/govuk-aws,aeb3bfbe393cdfc02e62b812843ed75cf5f245e4,Old generation
alphagov/govuk-aws,5fa5da9756f12559b490217dd5b173db48e7f2a9,Old generation
alphagov/govuk-aws,19d187e4a29147cbcf1cfae456cfcbfa8ad52b45,Old generation
alphagov/govuk-aws,806b1a2a47f2f4e580e524b2cf8cc5928749d972,Old generation
alphagov/govuk-aws,8d7d2ebe0dbe9ebf8009572d1d710c4700cf245e,Old generation
alphagov/govuk-aws,ffa75257747f225577616e6cf517eee965221041,Old generation
alphagov/govuk-aws,9b54cd6e875843c3ecade45ce37e863357b6e0e9,Expensive network resource
alphagov/govuk-infrastructure,a51a3bfcd73fd55ecd43aa36ce3f266f0cefc2dc,Expensive instance
alphagov/govuk-infrastructure,3386d7637c06f84cc3cc252f96d43e511cea428e,Expensive monitoring
alphagov/govuk-infrastructure,6017d0be84adac6b90b46f3d0bc2376a7e9b8e85,Expensive monitoring
alphagov/govuk-terraform-provisioning,ac105ab0a5ae38fbf69167e072f8970a4a61c3e8,Object storage lifecycle rules
alphagov/govwifi-terraform,348b52a2ae5d6d242c8802644f9e3a5e6460de1d,Budget
alphagov/govwifi-terraform,38d0a67cf70d46c26675ce60a7a647eef0f11e52,Overprovisioned resources
appbricks/cloud-inceptor,782a0a3c30cf83bcaeacc942789ccc903576fe8a,Expensive network resource
austin1237/clip-stitcher,4eed76f9bfd4f93181660178ea689d98cd6d66d5,Expensive network resource
austin1237/gifbot,c11dabf1ea02c0e044c62448986bb3f9abdf3967,AWS - Expensive DynamoDB
ayltai/hknews-infrastructure,68171be117d3997b84253258f41fad6daedbc76a,Expensive instance
bculberson/btc2snowflake,9f8227bf53ebc2b1bb0b99d0697f9f66eed7ab6d,Expensive storage type
beaulabs/terraform_aws_ec2_instance,d6df68da5ae58fb5c650c6be15d9d8e676a129db,Expensive instance
bh1m2rn/gitlab-environment-toolkit,b9750f0bb88bc22256085b6bc8f060055e90a8c4,Old generation
bhfsystem/fogg,81e606a72e7c2e06c2f6d9c204086157aa82eac3,Expensive storage type
bhfsystem/fogg,7cc487f270d553f819fea0cf96e872c374979305,Expensive storage type
binbashar/le-tf-infra-aws,0208ae3bc238f029b1faf6bdc3552dbe6147657b,Expensive instance
binbashar/le-tf-infra-aws,10cf13515c722708cfacb8f22ca9b05abca67505,Expensive instance
binbashar/le-tf-infra-aws,a873443bd618ac9c14d12210ed4d12a11cc1f733,Expensive network resource
binbashar/le-tf-infra-aws,19c37f7e4e65d14e760f1ff8cf60cfd1e98c1a8b,Expensive network resource
binbashar/le-tf-infra-aws,bbfbd2484ace2819ffceac9155b995ab870ee3a3,Expensive network resource
binbashar/le-tf-infra-aws,8b1c39cf7e64610b4c17f5b2697a782f0ec99f7e,Expensive network resource
binbashar/le-tf-infra-aws,8b1c39cf7e64610b4c17f5b2697a782f0ec99f7e,Expensive monitoring
byu-oit/terraform-aws-rds,86a0795540edb426c3226775d73fcd4ce807d36a,Old generation
cds-snc/cloud-based-sensor,10bb572d477197bd3874532bfd364de1cb496d05,Budget
chapas/tf-az-kubernetes,bcc6e190b8f8a12b590089fb755c4f552f179ad0,Expensive monitoring
chaspy/terraform-alibaba-isucon8,53588dad5dd4c13903a6c582f74e1afe2671d33e,Overprovisioned resources
chetanbothra/Terraform_AWS_Billing_Alert,43b0d3b4cef0d3f57d4f5d4f1c7aeb9bfc3e362a,Budget
circleci/enterprise-setup,26cc5295c2bb9d8756e450712e0f5f75af440c4a,Old generation
cisagov/cool-assessment-terraform,3138943ab4d15cc256d322e1128862ef11383c73,Old generation
cisagov/cool-sharedservices-nessus,5403a8978053a1299b0afe8d7fc59e914fc5e354,Old generation
cisagov/cyhy_amis,4e67a501bb3f5187a3e9af523921ac62b8a88469,Expensive instance
cisagov/cyhy_amis,7b8d9247a679295e0e1791b13d6c437c473e44b8,Old generation
cisagov/freeipa-server-tf-module,99fd319a72d25441acf36fd2c167a875e9028935,Expensive storage type
cisagov/vulnerable-instances,f70410061b8c6b9249895571e05dfb7a142efb18,Old generation
cloudspout/Gefjun,665692a86bb65ddfa6c001f296c76c17288e2944,Expensive monitoring
cob16/aws_static_website,0d4fbd0a7b296a5c9377a835dff89d1499716082,Budget
codequest-eu/terraform-modules,ffe23d4c2cd78035bef0dfb261701e7ed8dd588d,AWS - Expensive DynamoDB
cookpad/terraform-aws-eks,59c40286757e1fa5cb5391421c5380e5ad506387,Expensive instance
coremaker/terraform-google-nucleus,11234f631f7370dd80ee5fbc5dd7bdbc12dcbf49,Budget
covid-videoplattform/covid-videoplattform,83d8b928ecb3f271a058bb30eaa1e05ce10e0434,Expensive instance
covidapihub/terraform-covidapihub,3c5d381a20fbd287f1003271ee1ba64272325074,Expensive network resource
darogina/terragrunt-aws-modules,9c84d03bde131e7f349dcd493ba5b7e55bf8ae2c,Budget
davidcallen/parkrunpointsleague,21627e4057b3446b511e4369ca366e297cfc87eb,Expensive network resource
deadlysyn/terraform-keycloak-aws,1c982ac4120ae3ed5a88c38f2a4d568ad9a83d22,Old generation
deptno/terraform-aws-modules,49f447bdbb3cf23499e8194e78f852ea1e256d3a,AWS - Expensive DynamoDB
dexterchan/Terraform_Webserver,af5af0b8e6a59a9c5879fde7eaaa86d694c2bfa2,Expensive network resource
dfds/infrastructure-modules,1c9c92d966c342d42ac5c915a7c01f6a98a38122,Expensive monitoring
dgorbov/terraform-s3-backend-setup,81f82740760a357a86b3a77f9ed400624edcb218,AWS - Expensive DynamoDB
digio/terraform-google-gitlab-runner,07f8279fe65a35c0e595f3171f3d75791e49a9ae,Expensive instance
dotancohen81/Rancher,90944271b4e8bd46e3d42ac64bc4964a33a8fdc3,Old generation
dshmelev/aws_kube_tc,853298ac74250964aa2d2ea921daa5905528b3a9,Expensive instance
dwp/dataworks-aws-data-egress,14f065e5161fee14c286c34df7db9f5516ef9bb6,Old generation
dwp/dataworks-aws-data-egress,14f065e5161fee14c286c34df7db9f5516ef9bb6,Overprovisioned resources
dylanmtaylor/dylanmtaylor-terraform-aws,44016d6a8e496b69308a81e88af8c9ef8b710ab3,Overprovisioned resources
ecsworkshop2018/expertalk-2018-ecs-workshop,034908d914982eacea51b0ac61f2781069387412,Expensive network resource
eduardobaitello/terraform-eks,c11fca6440a5000648f690e6282778fb4ec73309,Overprovisioned resources
eladidan/speedyhead.xyz-terraform,71f034f3e13e9118a2a954e1fc3c0d35153184f0,Budget
elliotpryde/personal-infrastructure,772c5ad20818738b09d01cd70ca3de80cbf66dcb,Expensive monitoring
elliotpryde/personal-infrastructure,7c4205cd130c5463d7f39aa6f281e198c143d0d9,Expensive monitoring
falldamagestudio/UE4-GHA-BuildSystem,e58083adbf91e7daa8ddb5db6c3b2e5c8c0a906c,Expensive storage type
fdns/terraform-k8s,f106917bb7b2d8d4428022bb119585bf9f35769c,Expensive instance
fdns/terraform-k8s,f106917bb7b2d8d4428022bb119585bf9f35769c,Overprovisioned resources
figurate/bedrock,bffc023eeff075ef281b1fd261897f4c7216b354,Old generation
filhodanuvem/from-dev-to-ops,998be8119321e8812884075b078a1d5fb36cfa69,Spot instances
firehawkvfx/firehawk-prototype-deprecated,894fb1d80c7a3953b7a51d7acd5e9b942faced8f,Expensive network resource
forgotpw/forgotpw-infrastructure,f4363ad27d366385f2388d073ce8af796e035406,Budget
fpco/terraform-aws-foundation,cfe92035f1b281cddfcf62664ec6b96e85e0ac32,Expensive instance
garylb2/terraform-example-patterns,6de6d83d930bd9459e1cf8c311fa7b45c3f90987,AWS - Expensive DynamoDB
giantswarm/giantnetes-terraform,53ed24b573947c73ea9f0f4f8b477c44b7de2d54,Expensive storage type
giuseppeborgese/terraform-locking-s3-state,6b4e59e8b844417dc5c247bdef1b0adb8e2e7028,AWS - Expensive DynamoDB
goodpen/gke-v.1.0,45053a0862bf97f0525862c411fa4da5d59ac397,Expensive instance
greenbrian/musical-spork,24c07bfd5c31438fff6374e9ba3d577e6402d777,Old generation
gudlyf/TerraformOpenVPN,4bc861c153b65a2d7c0d5f3fac30ab72b0fc6942,Expensive instance
gudlyf/TerraformOpenVPN,be1245d8634025277ba79a4155ee88d7eaffcdfb,Old generation
guilhermerenew/infra-cost,ba858d94e29d03e3e81533df8cd8bc85b9f176f1,Overprovisioned resources
guillaumekh/wg-terraform-template,effee9cbc473af5d07cfc3aacece50aa6e59753a,Old generation
hellupline/terraform-eks-cluster,2bd01358b3a30d1680074f9bbd120da3a1456450,Expensive network resource
ibm-cloud-architecture/iks_vpc_lab,629819ce0c440760be155874cb42ab497f0304bd,Expensive instance
imma/fogg-env,7de45302cfa8a7dca88ab61b3021091cc480b495,Expensive network resource
ironpeakservices/infrastructure,2ca24fa9114b5b4389768d5ab93c1e6d99bb287c,Expensive instance
jackofallops/terraform-aws-mysql-cluster,7b2a446b0915a3ad26093f8234f7493ff152138a,Overprovisioned resources
jeffawang/infrastructure,9f610811aea8c523332e9dccad9bb0800b70691e,Expensive network resource
jenkins-infra/aws,586fde061356513609fe4f2014a11ddcec849c35,Expensive instance
jenkins-x/terraform-aws-eks-jx,cce6b14692fccd30c027851607a9526151d4c3d2,AWS - Expensive DynamoDB
jg210/aws-experiments,5ff37f12a421fdd902d8eb1e6d7491ee181fd179,Expensive instance
jg210/aws-experiments,b09b668e5c3a11366551168541480b69e94c8c3a,Old generation
jharley/azure-basic-demo,7cd3d202d8723c565704f23c143cae3b1e1d6d2b,Expensive instance
jjffggpp/jjffggpp,93ee12adde6ac773c76b590fe89c24df372f326b,Expensive instance
jkstenzel95/jks.gameservers,411ab992ba07e698cb08b56eb4cfc9d6e001d43f,AWS - Expensive DynamoDB
joelchrist/terraform,bbf18d695bd7597977ea7a97d5434ca7f1a37d57,Expensive instance
joshuaspence/infrastructure,d8e1979ea7954076f64ab4d3337b95f14a06fc31,Expensive network resource
joshuaspence/infrastructure,b9b9465314e3b5ada78340d06b90703136cdf3dc,Expensive network resource
jshcmpbll/Cloud-Mac-KVM,361885d22c0304cb44683f9b005f82ca5e269841,Expensive storage type
jshcmpbll/Cloud-Mac-KVM,361885d22c0304cb44683f9b005f82ca5e269841,Overprovisioned resources
jsoconno/aws-terraform-remote-state-infrastructure,fed8be2748bc2286a6f9888d282d66763ba612ed,AWS - Expensive DynamoDB
kathputli/terraform-aws,321b1aee88f7d15dafe46aede2b86ced70061025,Spot instances
kaz/kiritan.com,1cd96c7f71e56629ffa07c38e12c4da19fcfc5f7,Spot instances
kaz/kiritan.com,1cd96c7f71e56629ffa07c38e12c4da19fcfc5f7,Expensive instance
kaz/kiritan.com,1cd96c7f71e56629ffa07c38e12c4da19fcfc5f7,Overprovisioned resources
kelledge/idkfa,25cda0b77ff329a89551cc6f14fe8c62820fd424,Budget
kinvolk-archives/lokomotive-kubernetes,f2f4deb8bb44988eeb0b64b919e51fb556aef4fb,Old generation
kinvolk-archives/lokomotive-kubernetes,0c4d59db87b67d7c7a0a0f54677961a01ed8fbe4,Expensive network resource
kitchen/personal-terraform,fe1f2665b198308a438ec3d46b24843089df1a2a,Expensive network resource
kmishra9/PL2-AWS-Setup,0d7b5b0f6f92ff6cfde1f17ad96d1b1459a0957a,Old generation
kody-abe/terraform,169c7768b0b1584945362c035a2b227d2f579466,AWS - Expensive DynamoDB
kperson/terraform-modules,53bd2d84776f9ed7ae287fc59ed42f87bd7bbc4b,AWS - Expensive DynamoDB
lean-delivery/terraform-module-aws-core,25bbff736936b64a6120ef9608498830ecec33c0,Expensive network resource
lowflying/OVPN---TF,be1245d8634025277ba79a4155ee88d7eaffcdfb,Old generation
mads-hartmann/cloud.mads-hartmann.com,667f5715c19534bfe5b01ad692979447412fd033,Expensive network resource
masterpointio/terraform-aws-nuke-bomber,33fbb76715ce6e35565b5f83f7ece0f9df37d282,Expensive network resource
matihost/monorepo,6995c99e0561c29b6e8d0ff84d3b2504d1772fe8,Expensive monitoring
midl-dev/tezos-auxiliary-cluster,9cbfebaab11cb3466b160d18ef2eb46c0b875d55,Expensive instance
ministryofjustice/cloud-platform-environments,ce502048eb3cd95e708f4575efefaf8dc60d7722,Old generation
ministryofjustice/cloud-platform-environments,b6cea25115ac93a788cdedc2fe2f94d2c7ff6658,Old generation
ministryofjustice/cloud-platform-environments,aa07f2d9772cc376589bec2cbb42f9ba849927db,Old generation
ministryofjustice/cloud-platform-environments,0c1b4028575aeaabf7543c7357c4e26d610677c3,AWS - Expensive DynamoDB
ministryofjustice/cloud-platform-infrastructure,e5dd13d33c1e927f932971d067d8f70e9041b5f3,Expensive instance
ministryofjustice/cloud-platform-terraform-monitoring,87401ba23af26d379d8132cc09fd7cd212773ba1,Expensive storage type
ministryofjustice/cloud-platform-terraform-monitoring,87401ba23af26d379d8132cc09fd7cd212773ba1,Overprovisioned resources
ministryofjustice/hmpps-env-configs,670c006bad288d0360c3811aa63b3c323753c385,Expensive instance
ministryofjustice/hmpps-env-configs,954dda617d47007a8a1ff5780d3174e900e95be1,Expensive instance
ministryofjustice/hmpps-env-configs,0328838420ac0d3754cf772a7d2f5bb1612193ed,Expensive storage type
ministryofjustice/hmpps-env-configs,7c1ba780a59f6a8682870318e70bf800a2d183a2,Expensive storage type
mintak21/terraform-old,c10b476d869282ed6cf55def47445b9c703788fe,Budget
naciriii/terraform-ec2-gitlab-runner,f8af6bc22bd3d827566e7e65deb63c13cdaf6031,Spot instances
naftulikay/titan,a0ea4fd84a409fe4ee853effa9f309a005b0efc1,Expensive network resource
nagpach/terraform-example-aws-vpc,35d26fd046185ae079e09fa6435c41ae685e679e,Expensive network resource
nikkiwritescode/flask-app-terraform-deployment,af47bb6201f1dcc8264e60da429e4ff8d126e56c,AWS - Expensive DynamoDB
ninthnails/terraform-aws-camellia,0019704e14723aaf326840ab36c594c3f514a2d4,Old generation
nisunisu/AWS_Blue_Green_Deployment,d0741cddb32ed7970904693e3a697603fa21bbbb,Expensive network resource
nsbno/terraform-aws-cost-alarm,7e135499d33f0a5c51602a506fefe258cac072c6,Budget
ntk1000/aws-terraform-template,d016b96d89370b8039817fabdfa055576cf6b4cc,Budget
oke-py/aws-tf,ec2982c8742cc7bc294f8a3cc07ae9ba5ffcaced,Budget
olliefr/aws-terraform-cloud1,bf753832a519b0649f8d58d93aa643afe3f94fc7,AWS - Expensive DynamoDB
openaustralia/infrastructure,63ee190c0ae1832bb72681e1e4b1b14a9367b4bb,Old generation
openinfrastructure/terraform-google-gitlab-runner,8429375df72b04cc6fedc1ebb5f2c2e4ba18b9f2,Spot instances
openinfrastructure/terraform-google-multinic,7a9c468b88d2edee19007cff6529a20a38eeb363,Spot instances
opszero/terraform-aws-kubespot,decc9706133af9978ada6cf58a1a63343468e8a0,Expensive network resource
pangeo-data/terraform-deploy,f8163bd52bea3774e2f160cff0523c602e65d933,Expensive instance
pangeo-data/terraform-deploy,7244eed07a1008675f45cc4349bf68141bb29edc,Expensive instance
pangeo-data/terraform-deploy,f8163bd52bea3774e2f160cff0523c602e65d933,Overprovisioned resources
paperphyte/terraform-drone,79f4b7c2cf3ad2d1a6d2646eaf27a08fd2611d07,Spot instances
paperphyte/terraform-drone,f62bfebb54530c9466cfdb21336794f24bcd63a7,Expensive network resource
patheard/terraform-cantrill-aws-associate,bc7484cd34698f2724e5d9f241fd9f53d953e3a3,Budget
pelias/terraform-elasticsearch,8454c8ee25e821abde10b73a2fec691269e41822,Expensive instance
pelias/terraform-elasticsearch,21c1827f4507eae217d43d99ad8cb1bbb1337e21,Old generation
phillhocking/aws-ubuntu-irssi,1532e0c298ec4f8d7d749a884f7c46f2a2cf53d3,Expensive storage type
phillhocking/aws-ubuntu-irssi,1532e0c298ec4f8d7d749a884f7c46f2a2cf53d3,Overprovisioned resources
poldi2015/chat-app,cb45bf17da799afaa789206e3fcd39d9403e0567,AWS - Expensive DynamoDB
poseidon/terraform-aws-kubernetes,e09126b45746f1c967d1990fa04ce781a0478c6d,Old generation
poseidon/terraform-aws-kubernetes,ef0372d2684ef920c6e54cf8b9f80d87db90e636,Expensive network resource
poseidon/terraform-azure-kubernetes,4989bf2d4a5eed7f1fcb01f63db5624afa113232,Expensive instance
poseidon/terraform-azure-kubernetes,633eb938742a43be09612b944c29aaaf70dac119,Old generation
poseidon/typhoon,8d2c8b8db692b27b89d18e47a40cf7b49562694e,Expensive instance
poseidon/typhoon,b68f8bb2a9f0825af76a563051c32100386024db,Expensive instance
pvandervelde/infrastructure.azure.core.network.hub,0ecf0a154918bd9bdc0f53557bc1f80920da6b14,Expensive network resource
rbabyuk/terra,beae899804779adf914c08f290c5d71b542c9ed1,Expensive instance
richardhughes/infra-modules,48015a86eda461d99b580b69db5922acbe5bd28e,Budget
rmaheshvarma/terraform,c866a7dd2575dd2a3f4af83f5f081a5004d0e478,Budget
robertdebock/git-terraform-demo,5638b1a044215292a5e3fa405b6a0567c6b35436,Expensive instance
robertdebock/git-terraform-demo,686374095321975d851932a77b139d627f50c7d5,Expensive instance
robertdebock/terraform-aws-vault,757edca9d6fb2231ebdcf03ec611183c59eaf39b,Expensive instance
robertdebock/terraform-aws-vault,e3b6520960a88aacbf03339dc1368f680a8bee9a,Old generation
robertdebock/terraform-aws-vault,4ddd02182a1f210bb9f614fbba5ef11b4fcbe827,Expensive network resource
robertdebock/terraform-azurerm-container-group,c0d6578f1ebbdcc9cab091017259e4d596bfe8c9,Overprovisioned resources
robertlupinek/rh-ex407,0c679d7adfa5bf38d5c7846958f3508fc036b3e9,Expensive network resource
robgmills/jumpbox,028bbe114d099b0388be9a46adcab80d9383a518,Budget
roysjosh/terraform-unifi,da9e2869456610a0228cb14f850c6eccddbb15e0,Overprovisioned resources
rshurts/gke-cd-with-spinnaker,3bc712aba0c797053b5cdc113e3e46afb6cff8a5,Expensive instance
rust-lang/simpleinfra,05370cc8f9852987e20cf5c659e5249dd1f2181c,Expensive monitoring
ryanlg/ryhino-public,e51b9583b2df3154b5c82da361d411d65ed23bab,Expensive network resource
sbogacz/terraform-aws-state-backend,174486319f3b956807d56e5433880f9978884f93,AWS - Expensive DynamoDB
schubergphilis/terraform-aws-mcaf-matillion,3b0e2fe42d660664c49d54ae8706de004a9b4176,Expensive instance
schubergphilis/terraform-aws-mcaf-matillion,3b0e2fe42d660664c49d54ae8706de004a9b4176,Expensive network resource
schubergphilis/terraform-aws-mcaf-vpc,6ca41e5ad697201a1d225e5d15134e547ee6ced3,Expensive network resource
scott45/vof-deployment-scripts,c6b2c1bee4c1e53e87fd3d94fc8c07cf64342d7b,Expensive instance
sdcote/cloudsql,dfe44fcf8f5a477e1fbc354f1b1d87af28895c0f,Expensive storage type
servers-tf/infrastructure,cc9e50a3864511f9fb9f871293e6a6e7e2719d2c,AWS - Expensive DynamoDB
simplygenius/atmos-recipes,d27b48345a3827b8a10cb5388e42bd5cbea484bb,Expensive network resource
singaporewaketools/iaac,197502b1ac4bab77b9ab017b755c4d75ddaa218b,Budget
skehlet/aws-batch-processing,decdbce98d33cf2599aee554779ef5d8b5361d8f,Expensive network resource
smarman85/a_new_hope,de97a6b8033c866c3b711468207aa4890049daaa,Old generation
stSoftwareAU/sts-network,bf59a4c995822ccfdeee64781345c12ebefa967f,Expensive network resource
stealthHat/k8s-terraform,681a3f8b4942be495b3f2528fb9ee40d7a4eb08a,Expensive network resource
stephaneclavel/terraform,74b4ba406b9ea761d27298165d0e0de45c9d8491,Spot instances
stephengrier/my-infra,e5742d6f4f93dd432c9d8d0a31493d43c45aaff1,Expensive network resource
structurefall/jamulus-builder,7190744187e0aed2df8ce84f2a944294d6d4fc5b,Expensive network resource
stuartellis/stuartellis-org-tf-modules,39a9cabac6765c75591ba258fef0d10ba7ae0f9e,Budget
tale-toul/SingleNodeOpenshiftOnLibvirt,638430604158044fcf123adaf8dfdcc91b1a873e,Spot instances
tdooner/flynn,a9ea9d09727825f9a047e70d94caf73c99e6b2a8,Expensive monitoring
techservicesillinois/aws-enterprise-vpc,0d21bea79e1936e2bdaee58bd6e328dd08e59b30,AWS - Expensive DynamoDB
telia-oss/terraform-aws-terraform-init,e8c7b2eb22d08ddd1a1bb375cb6efa4165c9098f,AWS - Expensive DynamoDB
terraform-google-modules/terraform-example-foundation,8391f1bd4322fec04fda7509b537c5f66cddbbd9,Expensive monitoring
tesera/terraform-modules,3cd4d7b55ac2003153fd0670151ab395ae182431,AWS - Expensive DynamoDB
thomastodon/jabujabu,02210a3d3ba4a770c29623825b7f54f3ff33f3c7,Expensive storage type
thomastodon/jabujabu,02210a3d3ba4a770c29623825b7f54f3ff33f3c7,Expensive network resource
thomastodon/jabujabu,02210a3d3ba4a770c29623825b7f54f3ff33f3c7,Overprovisioned resources
thoughtbot/flightdeck,c784bc0a3f747b66ab7cd01f23bbbdbad3bfe705,Expensive monitoring
tlc-pack/ci-terraform,af285dd17beb9c35ea6339b3b9f43d6b166b5411,Expensive instance
trajano/terraform-s3-backend,cb9f00a2f6f23b44f7db08863ef5fb0b9ea0bc0c,Object storage lifecycle rules
trajano/terraform-s3-backend,f4b61c7bedae856439f01499de1ec9050b4c40fc,AWS - Expensive DynamoDB
travis-ci/terraform-config,4f641b162fa877aef842481631906d5bfe874781,Old generation
travis-infrastructure/terraform-stuff,1e208af4c83d093c900f4cccedbca6183142a07f,Expensive storage type
tsub/ecs-sandbox,8501fafbba186919c9e9b55a6a3fc72b4fb80909,Expensive network resource
utilitywarehouse/tf_telecom,17007456991c1a8faa26b1f4ac993883f577d124,Object storage lifecycle rules
wallnerryan/terraform-scaleio,605e74facfa2ff519ba5cda6e57474666901bd8c,Expensive instance
wellcomecollection/archivematica-infrastructure,ce576be106257496e20d946d6eab5f8783dada92,Expensive storage type
wellcomecollection/buildkite-infrastructure,50957e0478fd4c4d945ac593822436f6a7ec8111,Overprovisioned resources
yardbirdsax/elasticsearch-the-hard-way,521bae59a4002a616eac44c1681ca5066bbd00c8,Old generation
